kingdom	full.seqID	domain	phylum	class	order	family	genus	species	abb
	WP_101351783	Archaea	Euryarchaeota	Halobacteria	Halobacteriales	Haloarculaceae	Haloarcula	Haloarcula taiwanensis	Archaea_1
	WP_089673007	Archaea	Euryarchaeota	Halobacteria	Haloferacales	Halorubraceae	Halohasta	Halohasta litchfieldiae	Archaea_2
	WP_137047666	Archaea	Euryarchaeota	Halobacteria	Haloferacales	Haloferacaceae	Haloprofundus	Haloprofundus sp. MHR1	Archaea_3
	WP_015320806	Archaea	Euryarchaeota	Halobacteria	Natrialbales	Natrialbaceae	Natronococcus	Natronococcus occultus	Archaea_4
	WP_145844634	Archaea	Euryarchaeota	Halobacteria	Halobacteriales	Halobacteriaceae	Salarchaeum	Salarchaeum sp. JOR-1	Archaea_5
	WP_000312548	Bacteria	Proteobacteria	Gammaproteobacteria	Moraxellales	Moraxellaceae	Acinetobacter	Acinetobacter baumannii	Bacteria_1
	WP_076753027	Bacteria	Proteobacteria	Gammaproteobacteria	Moraxellales	Moraxellaceae	Acinetobacter	Acinetobacter schindleri	Bacteria_2
	AM286690.1_2384	Bacteria	Proteobacteria	Gammaproteobacteria	Oceanospirillales	Alcanivoracaceae	Alcanivorax	Alcanivorax borkumensis	Bacteria_3
	WP_008736147	Bacteria	Proteobacteria	Gammaproteobacteria	Oceanospirillales	Alcanivoracaceae	Alcanivorax	Alcanivorax pacificus	Bacteria_4
	NP_844628	Bacteria	Firmicutes	Bacilli	Bacillales	Bacillaceae	Bacillus	Bacillus anthracis	Bacteria_5
	WP_000085843	Bacteria	Firmicutes	Bacilli	Bacillales	Bacillaceae	Bacillus	Bacillus mobilis	Bacteria_6
	CP022585.1_2889	Bacteria	Bacteroidota	Flavobacteriia	Flavobacteriales	Crocinitomicaceae	Fluviicola	Candidatus Fluviicola riflensis	Bacteria_7
	NP_815294	Bacteria	Firmicutes	Bacilli	Lactobacillales	Enterococcaceae	Enterococcus	Enterococcus faecalis	Bacteria_8
	WP_014083133	Bacteria	Bacteroidota	Flavobacteriia	Flavobacteriales	Flavobacteriaceae	Flavobacterium	Flavobacterium branchiophilum	Bacteria_9
	NZ_CP020918.1_1309	Bacteria	Bacteroidota	Flavobacteriia	Flavobacteriales	Flavobacteriaceae	Flavobacterium	Flavobacterium faecale	Bacteria_10
	WP_013685591	Bacteria	Bacteroidota	Flavobacteriia	Flavobacteriales	Crocinitomicaceae	Fluviicola	Fluviicola taffensis	Bacteria_11
	NP_764674	Bacteria	Firmicutes	Bacilli	Bacillales	Staphylococcaceae	Staphylococcus	Staphylococcus epidermidis	Bacteria_12
	YP_857866	Bacteria	Proteobacteria	Gammaproteobacteria	Aeromonadales	Aeromonadaceae	Aeromonas	Aeromonas hydrophila	Bacteria_13
	WP_041693359	Bacteria	Proteobacteria	Gammaproteobacteria	Alteromonadales	Alteromonadaceae	Alteromonas	Alteromonas macleodii	Bacteria_14
	YP_003766287	Bacteria	Actinobacteria	Actinomycetia	Pseudonocardiales	Pseudonocardiaceae	Amycolatopsis	Amycolatopsis mediterranei	Bacteria_15
	WP_013169660	Bacteria	Actinobacteria	Actinomycetia	Actinomycetales	Actinomycetaceae	Arcanobacterium	Arcanobacterium haemolyticum	Bacteria_16
	WP_065341165	Bacteria	Proteobacteria	Betaproteobacteria	Rhodocyclales	Zoogloeaceae	Azoarcus	Azoarcus olearius	Bacteria_17
	YP_101011	Bacteria	Bacteroidota	Bacteroidia	Bacteroidales	Bacteroidaceae	Bacteroides	Bacteroides fragilis	Bacteria_18
	WP_041778629	Bacteria	Proteobacteria	Alphaproteobacteria	Hyphomicrobiales	Beijerinckiaceae	Beijerinckia	Beijerinckia indica	Bacteria_19
	NP_696817	Bacteria	Actinobacteria	Actinomycetia	Bifidobacteriales	Bifidobacteriaceae	Bifidobacterium	Bifidobacterium longum	Bacteria_20
	NP_881720	Bacteria	Proteobacteria	Betaproteobacteria	Burkholderiales	Alcaligenaceae	Bordetella	Bordetella pertussis	Bacteria_21
	YP_003156289	Bacteria	Actinobacteria	Actinomycetia	Micrococcales	Dermabacteraceae	Brachybacterium	Brachybacterium faecium	Bacteria_22
	NP_773150	Bacteria	Proteobacteria	Alphaproteobacteria	Hyphomicrobiales	Nitrobacteraceae	Bradyrhizobium	Bradyrhizobium diazoefficiens	Bacteria_23
	WP_002964507	Bacteria	Proteobacteria	Alphaproteobacteria	Hyphomicrobiales	Brucellaceae	Brucella	Brucella melitensis	Bacteria_24
	YP_102202	Bacteria	Proteobacteria	Betaproteobacteria	Burkholderiales	Burkholderiaceae	Burkholderia	Burkholderia mallei	Bacteria_25
	WP_043949547	Bacteria	Proteobacteria	Alphaproteobacteria	Hyphomicrobiales	Parvibaculaceae	Candidatus Phaeomarinobacter	Candidatus Phaeomarinobacter ectocarpi	Bacteria_26
	NP_420929	Bacteria	Proteobacteria	Alphaproteobacteria	Caulobacterales	Caulobacteraceae	Caulobacter	Caulobacter vibrioides	Bacteria_27
	WP_012486149	Bacteria	Proteobacteria	Gammaproteobacteria	Cellvibrionales	Cellvibrionaceae	Cellvibrio	Cellvibrio japonicus	Bacteria_28
	WP_011134583	Bacteria	Proteobacteria	Betaproteobacteria	Neisseriales	Chromobacteriaceae	Chromobacterium	Chromobacterium violaceum	Bacteria_29
	NP_349605	Bacteria	Firmicutes	Clostridia	Eubacteriales	Clostridiaceae	Clostridium	Clostridium acetobutylicum	Bacteria_30
	WP_011045234	Bacteria	Proteobacteria	Gammaproteobacteria	Alteromonadales	Colwelliaceae	Colwellia	Colwellia psychrerythraea	Bacteria_31
	WP_013043070	Bacteria	Verrucomicrobia	Opitutae	Puniceicoccales	Puniceicoccaceae	Coraliomargarita	Coraliomargarita akajimensis	Bacteria_32
	NP_820968	Bacteria	Proteobacteria	Gammaproteobacteria	Legionellales	Coxiellaceae	Coxiella	Coxiella burnetii	Bacteria_33
	WP_011286345	Bacteria	Proteobacteria	Betaproteobacteria	Rhodocyclales	Azonexaceae	Dechloromonas	Dechloromonas aromatica	Bacteria_34
	NP_296351	Bacteria	Deinococcus-Thermus	Deinococci	Deinococcales	Deinococcaceae	Deinococcus	Deinococcus radiodurans	Bacteria_35
	WP_012031113	Bacteria	Proteobacteria	Gammaproteobacteria	Cardiobacteriales	Cardiobacteriaceae	Dichelobacter	Dichelobacter nodosus	Bacteria_36
	WP_034877942	Bacteria	Proteobacteria	Gammaproteobacteria	Oceanospirillales	Endozoicomonadaceae	Endozoicomonas	Endozoicomonas montiporae	Bacteria_37
	WP_011415628	Bacteria	Proteobacteria	Alphaproteobacteria	Sphingomonadales	Erythrobacteraceae	Erythrobacter	Erythrobacter litoralis	Bacteria_38
	NP_414590	Bacteria	Proteobacteria	Gammaproteobacteria	Enterobacterales	Enterobacteriaceae	Escherichia	Escherichia coli	Bacteria_39
	WP_013346871	Bacteria	Proteobacteria	Gammaproteobacteria	Alteromonadales	Ferrimonadaceae	Ferrimonas	Ferrimonas balearica	Bacteria_40
	YP_169361	Bacteria	Proteobacteria	Gammaproteobacteria	Thiotrichales	Francisellaceae	Francisella	Francisella tularensis	Bacteria_41
	WP_039105816	Bacteria	Proteobacteria	Gammaproteobacteria	Orbales	Orbaceae	Frischella	Frischella perrara	Bacteria_42
	WP_013292405	Bacteria	Proteobacteria	Betaproteobacteria	Nitrosomonadales	Gallionellaceae	Gallionella	Gallionella capsiferriformans	Bacteria_43
	WP_012949938	Bacteria	Actinobacteria	Actinomycetia	Geodermatophilales	Geodermatophilaceae	Geodermatophilus	Geodermatophilus obscurus	Bacteria_44
	WP_088917531	Bacteria	Proteobacteria	Gammaproteobacteria	Chromatiales	Granulosicoccaceae	Granulosicoccus	Granulosicoccus antarcticus	Bacteria_45
	WP_044619388	Bacteria	Proteobacteria	Gammaproteobacteria	Oceanospirillales	Saccharospirillaceae	Gynuella	Gynuella sunshinyii	Bacteria_46
	NP_439060	Bacteria	Proteobacteria	Gammaproteobacteria	Pasteurellales	Pasteurellaceae	Haemophilus	Haemophilus influenzae	Bacteria_47
	WP_011399565	Bacteria	Proteobacteria	Gammaproteobacteria	Oceanospirillales	Hahellaceae	Hahella	Hahella chejuensis	Bacteria_48
	WP_075999915	Bacteria	Proteobacteria	Gammaproteobacteria	Cellvibrionales	Halieaceae	Halioglobus	Halioglobus pacificus	Bacteria_49
	WP_075053435	Bacteria	Proteobacteria	Oligoflexia	Bacteriovoracales	Halobacteriovoraceae	Halobacteriovorax	Halobacteriovorax marinus	Bacteria_50
	WP_038486008	Bacteria	Proteobacteria	Gammaproteobacteria	Oceanospirillales	Halomonadaceae	Halomonas	Halomonas campaniensis	Bacteria_51
	WP_012824513	Bacteria	Proteobacteria	Gammaproteobacteria	Chromatiales	Halothiobacillaceae	Halothiobacillus	Halothiobacillus neapolitanus	Bacteria_52
	WP_013235394	Bacteria	Proteobacteria	Betaproteobacteria	Burkholderiales	Oxalobacteraceae	Herbaspirillum	Herbaspirillum seropedicae	Bacteria_53
	WP_011369994	Bacteria	Proteobacteria	Gammaproteobacteria	Thiotrichales	Piscirickettsiaceae	Hydrogenovibrio	Hydrogenovibrio crunogenus	Bacteria_54
	WP_013214314	Bacteria	Proteobacteria	Alphaproteobacteria	Hyphomicrobiales	Hyphomicrobiaceae	Hyphomicrobium	Hyphomicrobium denitrificans	Bacteria_55
	WP_011645493	Bacteria	Proteobacteria	Alphaproteobacteria	Hyphomonadales	Hyphomonadaceae	Hyphomonas	Hyphomonas neptunium	Bacteria_56
	WP_011233739	Bacteria	Proteobacteria	Gammaproteobacteria	Alteromonadales	Idiomarinaceae	Idiomarina	Idiomarina loihiensis	Bacteria_57
	WP_015781429	Bacteria	Proteobacteria	Gammaproteobacteria	Kangiellales	Kangiellaceae	Kangiella	Kangiella koreensis	Bacteria_58
	WP_012085796	Bacteria	Actinobacteria	Actinomycetia	Kineosporiales	Kineosporiaceae	Kineococcus	Kineococcus radiotolerans	Bacteria_59
	NP_267306	Bacteria	Firmicutes	Bacilli	Lactobacillales	Streptococcaceae	Lactococcus	Lactococcus lactis	Bacteria_60
	YP_094354	Bacteria	Proteobacteria	Gammaproteobacteria	Legionellales	Legionellaceae	Legionella	Legionella pneumophila	Bacteria_61
	WP_013659900	Bacteria	Proteobacteria	Gammaproteobacteria	Oceanospirillales	Oceanospirillaceae	Marinomonas	Marinomonas mediterranea	Bacteria_62
	WP_045685301	Bacteria	Proteobacteria	Alphaproteobacteria	Hyphomicrobiales	Aurantimonadaceae	Martelella	Martelella endophytica	Bacteria_63
	YP_004142396	Bacteria	Proteobacteria	Alphaproteobacteria	Hyphomicrobiales	Phyllobacteriaceae	Mesorhizobium	Mesorhizobium ciceri	Bacteria_64
	WP_012321445	Bacteria	Proteobacteria	Alphaproteobacteria	Hyphomicrobiales	Methylobacteriaceae	Methylobacterium	Methylobacterium radiotolerans	Bacteria_65
	WP_010961935	Bacteria	Proteobacteria	Gammaproteobacteria	Methylococcales	Methylococcaceae	Methylococcus	Methylococcus capsulatus	Bacteria_66
	WP_085771514	Bacteria	Proteobacteria	Alphaproteobacteria	Hyphomicrobiales	Methylocystaceae	Methylocystis	Methylocystis bryophila	Bacteria_67
	WP_015832469	Bacteria	Proteobacteria	Betaproteobacteria	Nitrosomonadales	Methylophilaceae	Methylotenera	Methylotenera mobilis	Bacteria_68
	WP_067155920	Bacteria	Proteobacteria	Gammaproteobacteria	Cellvibrionales	Microbulbiferaceae	Microbulbifer	Microbulbifer thermotolerans	Bacteria_69
	WP_045111801	Bacteria	Proteobacteria	Gammaproteobacteria	Alteromonadales	Moritellaceae	Moritella	Moritella viscosa	Bacteria_70
	YP_887008	Bacteria	Actinobacteria	Actinomycetia	Corynebacteriales	Mycobacteriaceae	Mycolicibacterium	Mycolicibacterium smegmatis	Bacteria_71
	NP_273358	Bacteria	Proteobacteria	Betaproteobacteria	Neisseriales	Neisseriaceae	Neisseria	Neisseria meningitidis	Bacteria_72
	WP_002813735	Bacteria	Proteobacteria	Gammaproteobacteria	Chromatiales	Chromatiaceae	Nitrosococcus	Nitrosococcus oceani	Bacteria_73
	WP_011111193	Bacteria	Proteobacteria	Betaproteobacteria	Nitrosomonadales	Nitrosomonadaceae	Nitrosomonas	Nitrosomonas europaea	Bacteria_74
	WP_087462974	Bacteria	Proteobacteria	Gammaproteobacteria	Oceanospirillales	Oleiphilaceae	Oleiphilus	Oleiphilus messinensis	Bacteria_75
	WP_012111369	Bacteria	Proteobacteria	Alphaproteobacteria	Hyphomicrobiales	Parvibaculaceae	Parvibaculum	Parvibaculum lavamentivorans	Bacteria_76
	WP_013300667	Bacteria	Proteobacteria	Alphaproteobacteria	Parvularculales	Parvularculaceae	Parvularcula	Parvularcula bermudensis	Bacteria_77
	WP_014436799	Bacteria	Planctomycetota	Phycisphaerae	Phycisphaerales	Phycisphaeraceae	Phycisphaera	Phycisphaera mikurensis	Bacteria_78
	WP_002522165	Bacteria	Actinobacteria	Actinomycetia	Propionibacteriales	Propionibacteriaceae	Cutibacterium	Cutibacterium acnes	Bacteria_79
	WP_011576454	Bacteria	Proteobacteria	Gammaproteobacteria	Alteromonadales	Pseudoalteromonadaceae	Pseudoalteromonas	Pseudoalteromonas atlantica	Bacteria_80
	NP_249041	Bacteria	Proteobacteria	Gammaproteobacteria	Pseudomonadales	Pseudomonadaceae	Pseudomonas	Pseudomonas aeruginosa	Bacteria_81
	WP_041766947	Bacteria	Proteobacteria	Gammaproteobacteria	Alteromonadales	Psychromonadaceae	Psychromonas	Psychromonas ingrahamii	Bacteria_82
	WP_015447031	Bacteria	Proteobacteria	Gammaproteobacteria	Xanthomonadales	Rhodanobacteraceae	Rhodanobacter	Rhodanobacter denitrificans	Bacteria_83
	YP_353465	Bacteria	Proteobacteria	Alphaproteobacteria	Rhodobacterales	Rhodobacteraceae	Cereibacter	Cereibacter sphaeroides	Bacteria_84
	WP_011465262	Bacteria	Proteobacteria	Betaproteobacteria	Burkholderiales	Comamonadaceae	Rhodoferax	Rhodoferax ferrireducens	Bacteria_85
	NP_870608	Bacteria	Planctomycetota	Planctomycetia	Pirellulales	Pirellulaceae	Rhodopirellula	Rhodopirellula baltica	Bacteria_86
	NP_719188	Bacteria	Proteobacteria	Gammaproteobacteria	Alteromonadales	Shewanellaceae	Shewanella	Shewanella oneidensis	Bacteria_87
	NP_386231	Bacteria	Proteobacteria	Alphaproteobacteria	Hyphomicrobiales	Rhizobiaceae	Sinorhizobium	Sinorhizobium meliloti	Bacteria_88
	WP_012049970	Bacteria	Proteobacteria	Alphaproteobacteria	Sphingomonadales	Sphingomonadaceae	Rhizorhabdus	Rhizorhabdus wittichii	Bacteria_89
	WP_066919624	Bacteria	Proteobacteria	Gammaproteobacteria	Nevskiales	Steroidobacteraceae	Steroidobacter	Steroidobacter denitrificans	Bacteria_90
	NP_269082	Bacteria	Firmicutes	Bacilli	Lactobacillales	Streptococcaceae	Streptococcus	Streptococcus pyogenes	Bacteria_91
	WP_012891468	Bacteria	Actinobacteria	Actinomycetia	Streptosporangiales	Streptosporangiaceae	Streptosporangium	Streptosporangium roseum	Bacteria_92
	WP_041100601	Bacteria	Proteobacteria	Betaproteobacteria	Nitrosomonadales	Sterolibacteriaceae	Sulfuritalea	Sulfuritalea hydrogenivorans	Bacteria_93
	NP_229441	Bacteria	Thermotogae	Thermotogae	Thermotogales	Thermotogaceae	Thermotoga	Thermotoga maritima	Bacteria_94
	WP_012639297	Bacteria	Proteobacteria	Gammaproteobacteria	Chromatiales	Ectothiorhodospiraceae	Thioalkalivibrio	Thioalkalivibrio sulfidiphilus	Bacteria_95
	WP_011312551	Bacteria	Proteobacteria	Betaproteobacteria	Nitrosomonadales	Thiobacillaceae	Thiobacillus	Thiobacillus denitrificans	Bacteria_96
	WP_045477508	Bacteria	Proteobacteria	Gammaproteobacteria	Thiotrichales	Thiotrichaceae	Thioploca	Thioploca ingrica	Bacteria_97
	WP_008715045	Bacteria	Firmicutes	Negativicutes	Veillonellales	Veillonellaceae	Veillonella	Veillonella parvula	Bacteria_98
	WP_009963867	Bacteria	Verrucomicrobia	Verrucomicrobiae	Verrucomicrobiales	Verrucomicrobiaceae	Verrucomicrobium	Verrucomicrobium spinosum	Bacteria_99
	NP_230094	Bacteria	Proteobacteria	Gammaproteobacteria	Vibrionales	Vibrionaceae	Vibrio	Vibrio cholerae	Bacteria_100
	NP_636179	Bacteria	Proteobacteria	Gammaproteobacteria	Xanthomonadales	Xanthomonadaceae	Xanthomonas	Xanthomonas campestris	Bacteria_101
	YP_002345559	Bacteria	Proteobacteria	Gammaproteobacteria	Enterobacterales	Yersiniaceae	Yersinia	Yersinia pestis	Bacteria_102
	ABO40886	Bacteria	Proteobacteria	Gammaproteobacteria	Enterobacterales	Yersiniaceae	Yersinia	Yersinia ruckeri	Bacteria_103
	ACL41896	Bacteria	Actinobacteria	Actinomycetia	Micrococcales	Micrococcaceae	Pseudarthrobacter	Pseudarthrobacter chlorophenolicus	Bacteria_104
	AEW92033	Bacteria	Proteobacteria	Gammaproteobacteria	Enterobacterales	Enterobacteriaceae	Klebsiella	Klebsiella pneumoniae	Bacteria_105
	AFQ30359	Bacteria	Firmicutes	Bacilli	Bacillales	Bacillaceae	Bacillus	Bacillus thuringiensis	Bacteria_106
	AFS59762	Bacteria	Proteobacteria	Gammaproteobacteria	Enterobacterales	Enterobacteriaceae	Escherichia	Escherichia coli	Bacteria_107
	AFX82595	Bacteria	Firmicutes	Bacilli	Bacillales	Planococcaceae	Planococcus	Planococcus citreus	Bacteria_108
	AHE40531	Bacteria	Firmicutes	Bacilli	Bacillales		Exiguobacterium	Exiguobacterium sp. S3-2	Bacteria_109
	AJS09897	Bacteria	Proteobacteria	Gammaproteobacteria	Enterobacterales	Enterobacteriaceae	Salmonella	Salmonella enterica	Bacteria_110
	AKF96261	Bacteria	Firmicutes	Bacilli	Bacillales	Paenibacillaceae	Brevibacillus	Brevibacillus laterosporus	Bacteria_111
	AKG47549	Bacteria	Proteobacteria	Gammaproteobacteria	Enterobacterales	Pectobacteriaceae	Pectobacterium	Pectobacterium carotovorum	Bacteria_112
	AKL03892	Bacteria	Proteobacteria	Gammaproteobacteria	Enterobacterales	Enterobacteriaceae	Klebsiella	Klebsiella oxytoca	Bacteria_113
	ANE05561	Bacteria	Actinobacteria	Actinomycetia	Corynebacteriales	Corynebacteriaceae	Corynebacterium	Corynebacterium crudilactis	Bacteria_114
	AOG02835	Bacteria	Proteobacteria	Alphaproteobacteria	Hyphomicrobiales	Boseaceae	Bosea	Bosea sp. RAC05	Bacteria_115
	AQW32254	Bacteria	Proteobacteria	Betaproteobacteria	Burkholderiales	Burkholderiaceae	Ralstonia	blood disease bacterium A2-HR MARDI	Bacteria_116
	ARR10285	Bacteria	Proteobacteria	Gammaproteobacteria	Vibrionales	Vibrionaceae	Vibrio	Vibrio campbellii	Bacteria_117
	ASM75120	Bacteria	Proteobacteria	Alphaproteobacteria	Rhodobacterales	Roseobacteraceae	Pseudosulfitobacter	Pseudosulfitobacter pseudonitzschiae	Bacteria_118
	AVP12223	Bacteria	Firmicutes	Bacilli	Bacillales	Staphylococcaceae	Staphylococcus	Staphylococcus aureus	Bacteria_119
	AXH60102	Bacteria	Proteobacteria	Gammaproteobacteria	Pseudomonadales	Pseudomonadaceae	Pseudomonas	Pseudomonas amygdali	Bacteria_120
	AXK43718	Bacteria	Proteobacteria	Alphaproteobacteria	Sphingomonadales	Erythrobacteraceae	Erythrobacter	Erythrobacter aureus	Bacteria_121
	KMV08986	Bacteria	Proteobacteria	Gammaproteobacteria	Moraxellales	Moraxellaceae	Acinetobacter	Acinetobacter baumannii	Bacteria_122
	WP_031380727	Bacteria	Proteobacteria	Gammaproteobacteria	Moraxellales	Moraxellaceae	Acinetobacter	Acinetobacter baumannii	Bacteria_123
	WP_034702334	Bacteria	Proteobacteria	Gammaproteobacteria	Moraxellales	Moraxellaceae	Acinetobacter	Acinetobacter baumannii	Bacteria_124
	WP_004729503	Bacteria	Proteobacteria	Gammaproteobacteria	Moraxellales	Moraxellaceae	Acinetobacter	Acinetobacter defluvii	Bacteria_125
	CAR62505	Bacteria	Firmicutes	Bacilli	Bacillales	Staphylococcaceae	Staphylococcus	Staphylococcus aureus	Bacteria_126
	NP_569589	Bacteria	Proteobacteria	Gammaproteobacteria	Enterobacterales	Enterobacteriaceae	Salmonella	Salmonella enterica	Bacteria_127
	WP_034655968	Bacteria	Firmicutes	Bacilli	Bacillales	Bacillaceae	Priestia	Priestia megaterium	Bacteria_128
	WP_037433877	Bacteria	Proteobacteria	Alphaproteobacteria	Hyphomicrobiales	Rhizobiaceae	Sinorhizobium	Sinorhizobium fredii	Bacteria_129
	WP_079239577	Bacteria	Actinobacteria	Actinomycetia	Micrococcales	Microbacteriaceae	Curtobacterium	Curtobacterium pusillum	Bacteria_130
	WP_085429203	Bacteria	Proteobacteria	Gammaproteobacteria	Enterobacterales	Enterobacteriaceae	Salmonella	Salmonella enterica	Bacteria_131
	CAA25445	Bacteria	Proteobacteria	Gammaproteobacteria	Enterobacterales	Enterobacteriaceae	Escherichia	Escherichia coli	Bacteria_132
	AAA92749	Bacteria	Proteobacteria	Gammaproteobacteria	Enterobacterales	Enterobacteriaceae	Escherichia	Escherichia coli	Bacteria_133
	CAA79767	Bacteria	Proteobacteria	Gammaproteobacteria	Enterobacterales	Enterobacteriaceae	Escherichia	Escherichia coli	Bacteria_134
	CAA90683	Bacteria	Proteobacteria	Gammaproteobacteria	Enterobacterales	Enterobacteriaceae	Escherichia	Escherichia coli	Bacteria_135
	CAA90687	Bacteria	Proteobacteria	Gammaproteobacteria	Enterobacterales	Enterobacteriaceae	Escherichia	Escherichia coli	Bacteria_136
	CAB05887	Bacteria	Proteobacteria	Gammaproteobacteria	Enterobacterales	Enterobacteriaceae	Escherichia	Escherichia coli	Bacteria_137
	AAF27725	Bacteria	Proteobacteria	Gammaproteobacteria	Enterobacterales	Enterobacteriaceae	Klebsiella	Klebsiella pneumoniae	Bacteria_138
	AAC32186	Bacteria	Proteobacteria	Gammaproteobacteria	Enterobacterales	Enterobacteriaceae	Salmonella	Salmonella enterica	Bacteria_139
	CAA10366	Bacteria	Proteobacteria	Gammaproteobacteria	Aeromonadales	Aeromonadaceae	Aeromonas	Aeromonas salmonicida	Bacteria_140
	AAD50825	Bacteria	Proteobacteria	Gammaproteobacteria	Enterobacterales	Enterobacteriaceae	Escherichia	Escherichia coli	Bacteria_141
	CAC81324	Bacteria	Proteobacteria	Gammaproteobacteria	Enterobacterales	Enterobacteriaceae	Salmonella	Salmonella enterica	Bacteria_142
	CAJ84014	Bacteria	Proteobacteria	Gammaproteobacteria	Enterobacterales	Enterobacteriaceae	Salmonella	Salmonella enterica	Bacteria_143
	CAE53424	Bacteria	Proteobacteria	Gammaproteobacteria	Pasteurellales	Pasteurellaceae	Pasteurella	Pasteurella multocida	Bacteria_144
	AAS66087	Bacteria	Proteobacteria	Gammaproteobacteria	Enterobacterales	Enterobacteriaceae	Salmonella	Salmonella enterica	Bacteria_145
	CAF31623	Bacteria	Proteobacteria	Gammaproteobacteria	Enterobacterales	Enterobacteriaceae	Escherichia	Escherichia coli	Bacteria_146
	CAG34233	Bacteria	Proteobacteria	Gammaproteobacteria	Enterobacterales	Enterobacteriaceae	Salmonella	Salmonella enterica	Bacteria_147
	CAI99385	Bacteria	Proteobacteria	Gammaproteobacteria	Enterobacterales	Enterobacteriaceae	Escherichia	Escherichia coli	Bacteria_148
	ABB71176	Bacteria	Proteobacteria	Gammaproteobacteria	Enterobacterales	Enterobacteriaceae	Salmonella	Salmonella enterica	Bacteria_149
	CAL48457	Bacteria	Proteobacteria	Gammaproteobacteria	Enterobacterales	Enterobacteriaceae	Escherichia	Escherichia coli	Bacteria_150
	WP_001749985	Bacteria	Proteobacteria	Gammaproteobacteria	Vibrionales	Vibrionaceae	Vibrio	Vibrio cholerae	Bacteria_151
	CAX63171	Bacteria	Proteobacteria	Gammaproteobacteria	Moraxellales	Moraxellaceae	Acinetobacter	Acinetobacter johnsonii	Bacteria_152
	ANN23980	Bacteria	Proteobacteria	Gammaproteobacteria	Enterobacterales	Enterobacteriaceae	Escherichia	Escherichia coli	Bacteria_153
	AAA25550	Bacteria						Plasmid pAZ1	Bacteria_154
	CAQ53849	Bacteria	Proteobacteria	Gammaproteobacteria	Enterobacterales	Enterobacteriaceae	Klebsiella	Klebsiella sp. MB45	Bacteria_155
	BAD88719	Bacteria	Proteobacteria	Gammaproteobacteria	Vibrionales	Vibrionaceae	Vibrio	Vibrio cholerae	Bacteria_156
	ACZ52983	Bacteria	Proteobacteria	Gammaproteobacteria	Enterobacterales	Enterobacteriaceae	Salmonella	Salmonella enterica	Bacteria_157
	CAX16467	Bacteria						uncultured bacterium	Bacteria_158
	WP_058652112	Bacteria	Proteobacteria	Gammaproteobacteria	Enterobacterales	Enterobacteriaceae	Salmonella	Salmonella enterica	Bacteria_159
	ASF80997	Bacteria	Proteobacteria	Gammaproteobacteria	Enterobacterales	Enterobacteriaceae	Escherichia	Escherichia coli	Bacteria_160
	AAN85115	Bacteria	Proteobacteria	Gammaproteobacteria	Enterobacterales	Enterobacteriaceae	Citrobacter	Citrobacter freundii	Bacteria_161
	CAA31356	Bacteria						Plasmid pLMO20	Bacteria_162
	CAB06660	Bacteria	Proteobacteria	Gammaproteobacteria	Enterobacterales	Morganellaceae	Proteus	Proteus mirabilis	Bacteria_163
	CAA41326	Bacteria	Proteobacteria	Gammaproteobacteria	Enterobacterales	Enterobacteriaceae	Escherichia	Escherichia coli	Bacteria_164
	AAA79232	Bacteria	Proteobacteria	Gammaproteobacteria	Enterobacterales	Enterobacteriaceae	Shigella	Shigella sonnei	Bacteria_165
	CAA40897	Bacteria	Proteobacteria	Gammaproteobacteria	Enterobacterales	Enterobacteriaceae	Escherichia	Escherichia coli	Bacteria_166
	CAA90487	Bacteria	Firmicutes	Bacilli	Bacillales	Staphylococcaceae	Staphylococcus	Staphylococcus haemolyticus	Bacteria_167
	WP_010710386	Bacteria	Firmicutes	Bacilli	Lactobacillales	Enterococcaceae	Enterococcus	Enterococcus faecalis	Bacteria_168
	AAD01868	Bacteria	Firmicutes	Bacilli	Lactobacillales	Enterococcaceae	Enterococcus	Enterococcus faecalis	Bacteria_169
	BAE15963	Bacteria	Firmicutes	Bacilli	Bacillales	Staphylococcaceae	Staphylococcus	Staphylococcus aureus	Bacteria_170
	YP_003813115	Bacteria	Firmicutes	Bacilli	Bacillales	Staphylococcaceae	Staphylococcus	Staphylococcus aureus	Bacteria_171
	529818.AMSG_03204T0	Eukarya				Apusomonadidae	Thecamonas	Thecamonas trahens	Eukarya_1
	691883.XP_009495148.1	Eukarya			Rotosphaerida	Fonticulaceae	Fonticula	Fonticula alba	Eukarya_2
	81824.XP_001749538.1	Eukarya		Choanoflagellata	Craspedida	Salpingoecidae	Monosiga	Monosiga brevicollis	Eukarya_3
	55529.EKX47364	Eukarya		Cryptophyceae	Pyrenomonadales	Geminigeraceae	Guillardia	Guillardia theta	Eukarya_4
	653948.CCA17727	Eukarya		Oomycota	Albuginales	Albuginaceae	Albugo	Albugo laibachii	Eukarya_5
	4787.PITG_06749T0	Eukarya		Oomycota	Peronosporales	Peronosporaceae	Phytophthora	Phytophthora infestans	Eukarya_6
	36331.EPrPI00000021429	Eukarya		Oomycota	Pythiales	Pythiaceae	Pythium	Pythium irregulare	Eukarya_7
	157072.XP_008875173.1	Eukarya		Oomycota	Saprolegniales	Saprolegniaceae	Aphanomyces	Aphanomyces invadans	Eukarya_8
	2880.D8LBA4	Eukarya		Phaeophyceae	Ectocarpales	Ectocarpaceae	Ectocarpus	Ectocarpus siliculosus	Eukarya_9
	5850.PKH_052130	Eukarya	Apicomplexa	Aconoidasida	Haemosporida	Plasmodiidae	Plasmodium	Plasmodium knowlesi	Eukarya_10
	5865.XP_001609606.1	Eukarya	Apicomplexa	Aconoidasida	Piroplasmida	Babesiidae	Babesia	Babesia bovis	Eukarya_11
	5874.XP_953163.1	Eukarya	Apicomplexa	Aconoidasida	Piroplasmida	Theileriidae	Theileria	Theileria annulata	Eukarya_12
	5808.XP_002140887.1	Eukarya	Apicomplexa	Conoidasida	Eucoccidiorida	Cryptosporidiidae	Cryptosporidium	Cryptosporidium muris	Eukarya_13
	29176.XP_003886139.1	Eukarya	Apicomplexa	Conoidasida	Eucoccidiorida	Sarcocystidae	Neospora	Neospora caninum	Eukarya_14
	110365.A0A023AYK9	Eukarya	Apicomplexa	Conoidasida	Eugregarinorida	Gregarinidae	Gregarina	Gregarina niphandrodes	Eukarya_15
	2850.Phatr1690	Eukarya	Bacillariophyta	Bacillariophyceae	Naviculales	Phaeodactylaceae	Phaeodactylum	Phaeodactylum tricornutum	Eukarya_16
	159749.K0T9B5	Eukarya	Bacillariophyta	Coscinodiscophyceae	Thalassiosirales	Thalassiosiraceae	Thalassiosira	Thalassiosira oceanica	Eukarya_17
	5911.EAR85731	Eukarya	Ciliophora	Oligohymenophorea	Hymenostomatida	Tetrahymenidae	Tetrahymena	Tetrahymena thermophila	Eukarya_18
	5888.CAK86280	Eukarya	Ciliophora	Oligohymenophorea	Peniculida	Parameciidae	Paramecium	Paramecium tetraurelia	Eukarya_19
	5691.AAZ12612	Eukarya	Euglenozoa	Kinetoplastea	Trypanosomatida	Trypanosomatidae	Trypanosoma	Trypanosoma brucei	Eukarya_20
	5786.XP_003290330.1	Eukarya	Evosea	Eumycetozoa	Dictyosteliales	Dictyosteliaceae	Dictyostelium	Dictyostelium purpureum	Eukarya_21
	2903.EOD13547	Eukarya	Haptista	Haptophyta	Isochrysidales	Noelaerhabdaceae	Emiliania	Emiliania huxleyi	Eukarya_22
	5762.XP_002668828.1	Eukarya	Heterolobosea			Vahlkampfiidae	Naegleria	Naegleria gruberi	Eukarya_23
	45157.CMS462CT	Eukarya	Rhodophyta	Bangiophyceae	Cyanidiales	Cyanidiaceae	Cyanidioschyzon	Cyanidioschyzon merolae	Eukarya_24
Fungi	35725.K2R909	Eukarya	Ascomycota	Dothideomycetes	Botryosphaeriales	Botryosphaeriaceae	Macrophomina	Macrophomina phaseolina	Eukarya_25
Fungi	1047171.Mycgr3P85170	Eukarya	Ascomycota	Dothideomycetes	Mycosphaerellales	Mycosphaerellaceae	Zymoseptoria	Zymoseptoria tritici	Eukarya_26
Fungi	430998.XP_007673696.1	Eukarya	Ascomycota	Dothideomycetes	Mycosphaerellales	Teratosphaeriaceae	Baudoinia	Baudoinia compniacensis	Eukarya_27
Fungi	5022.CBX97485	Eukarya	Ascomycota	Dothideomycetes	Pleosporales	Leptosphaeriaceae	Leptosphaeria	Leptosphaeria maculans	Eukarya_28
Fungi	13684.SNOT_13852	Eukarya	Ascomycota	Dothideomycetes	Pleosporales	Phaeosphaeriaceae	Parastagonospora	Parastagonospora nodorum	Eukarya_29
Fungi	5016.M2TVB6	Eukarya	Ascomycota	Dothideomycetes	Pleosporales	Pleosporaceae	Bipolaris	Bipolaris maydis	Eukarya_30
Fungi	293227.XP_008718638.1	Eukarya	Ascomycota	Eurotiomycetes	Chaetothyriales	Cyphellophoraceae	Cyphellophora	Cyphellophora europaea	Eukarya_31
Fungi	5970.XP_009160565.1	Eukarya	Ascomycota	Eurotiomycetes	Chaetothyriales	Herpotrichiellaceae	Exophiala	Exophiala dermatitidis	Eukarya_32
Fungi	69781.S8ATI5	Eukarya	Ascomycota	Eurotiomycetes	Eurotiales	Aspergillaceae	Penicillium	Penicillium oxalicum	Eukarya_33
Fungi	264951.V5FWS3	Eukarya	Ascomycota	Eurotiomycetes	Eurotiales	Thermoascaceae	Byssochlamys	Byssochlamys spectabilis	Eukarya_34
Fungi	28564.XP_002478892.1	Eukarya	Ascomycota	Eurotiomycetes	Eurotiales	Trichocomaceae	Talaromyces	Talaromyces stipitatus	Eukarya_35
Fungi	5039.XP_002621431.1	Eukarya	Ascomycota	Eurotiomycetes	Onygenales	Ajellomycetaceae	Blastomyces	Blastomyces dermatitidis	Eukarya_36
Fungi	63402.XP_003174679.1	Eukarya	Ascomycota	Eurotiomycetes	Onygenales	Arthrodermataceae	Nannizzia	Nannizzia gypsea	Eukarya_37
Fungi	364733.XP_007785445.1	Eukarya	Ascomycota	Eurotiomycetes	Verrucariales	Verrucariaceae	Endocarpon	Endocarpon pusillum	Eukarya_38
Fungi	655981.L8FWM8	Eukarya	Ascomycota	Leotiomycetes		Pseudeurotiaceae	Pseudogymnoascus	Pseudogymnoascus destructans	Eukarya_39
Fungi	34373.CCU82114	Eukarya	Ascomycota	Leotiomycetes	Erysiphales	Erysiphaceae	Blumeria	Blumeria graminis	Eukarya_40
Fungi	698440.XP_007288274.1	Eukarya	Ascomycota	Leotiomycetes	Helotiales	Dermateaceae	Marssonina	Marssonina brunnea	Eukarya_41
Fungi	101852.XP_008079718.1	Eukarya	Ascomycota	Leotiomycetes	Helotiales	Helotiaceae	Glarea	Glarea lozoyensis	Eukarya_42
Fungi	40559.M7V1T3	Eukarya	Ascomycota	Leotiomycetes	Helotiales	Sclerotiniaceae	Botrytis	Botrytis cinerea	Eukarya_43
Fungi	13349.G1X446	Eukarya	Ascomycota	Orbiliomycetes	Orbiliales	Orbiliaceae	Arthrobotrys	Arthrobotrys oligospora	Eukarya_44
Fungi	337075.U4L4W9	Eukarya	Ascomycota	Pezizomycetes	Pezizales	Pyronemataceae	Pyronema	Pyronema omphalodes	Eukarya_45
Fungi	39416.CAZ85372	Eukarya	Ascomycota	Pezizomycetes	Pezizales	Tuberaceae	Tuber	Tuber melanosporum	Eukarya_46
Fungi	42068.L0PE33	Eukarya	Ascomycota	Pneumocystidomycetes	Pneumocystidales	Pneumocystidaceae	Pneumocystis	Pneumocystis jirovecii	Eukarya_47
Fungi	4929.XP_001484476.1	Eukarya	Ascomycota	Saccharomycetes	Saccharomycetales	Debaryomycetaceae	Meyerozyma	Meyerozyma guilliermondii	Eukarya_48
Fungi	4952.CAG82084	Eukarya	Ascomycota	Saccharomycetes	Saccharomycetales	Dipodascaceae	Yarrowia	Yarrowia lipolytica	Eukarya_49
Fungi	4922.CAY68110	Eukarya	Ascomycota	Saccharomycetes	Saccharomycetales	Phaffomycetaceae	Komagataella	Komagataella pastoris	Eukarya_50
Fungi	4909.A0A099NV50	Eukarya	Ascomycota	Saccharomycetes	Saccharomycetales	Pichiaceae	Pichia	Pichia kudriavzevii	Eukarya_51
Fungi	381046.XP_002553179.1	Eukarya	Ascomycota	Saccharomycetes	Saccharomycetales	Saccharomycetaceae	Lachancea	Lachancea thermotolerans	Eukarya_52
Fungi	4896.SPCC1223.08c.1	Eukarya	Ascomycota	Schizosaccharomycetes	Schizosaccharomycetales	Schizosaccharomycetaceae	Schizosaccharomyces	Schizosaccharomyces pombe	Eukarya_53
Fungi	1173701.A0A066XFW3	Eukarya	Ascomycota	Sordariomycetes	Glomerellales	Glomerellaceae	Colletotrichum	Colletotrichum sublineola	Eukarya_54
Fungi	27337.EGY14927	Eukarya	Ascomycota	Sordariomycetes	Glomerellales	Plectosphaerellaceae	Verticillium	Verticillium dahliae	Eukarya_55
Fungi	92637.XP_007815010.1	Eukarya	Ascomycota	Sordariomycetes	Hypocreales	Clavicipitaceae	Metarhizium	Metarhizium acridum	Eukarya_56
Fungi	176275.XP_008599262.1	Eukarya	Ascomycota	Sordariomycetes	Hypocreales	Cordycipitaceae	Beauveria	Beauveria bassiana	Eukarya_57
Fungi	51453.EGR50659	Eukarya	Ascomycota	Sordariomycetes	Hypocreales	Hypocreaceae	Trichoderma	Trichoderma reesei	Eukarya_58
Fungi	140110.NechaP92925	Eukarya	Ascomycota	Sordariomycetes	Hypocreales	Nectriaceae	Fusarium	[Nectria] haematococca	Eukarya_59
Fungi	72228.T5ALK9	Eukarya	Ascomycota	Sordariomycetes	Hypocreales	Ophiocordycipitaceae	Ophiocordyceps	Ophiocordyceps sinensis	Eukarya_60
Fungi	29850.GGTG_01668T0	Eukarya	Ascomycota	Sordariomycetes	Magnaporthales	Magnaporthaceae	Gaeumannomyces	Gaeumannomyces graminis	Eukarya_61
Fungi	318829.MGG_10204T0	Eukarya	Ascomycota	Sordariomycetes	Magnaporthales	Pyriculariaceae	Pyricularia	Pyricularia oryzae	Eukarya_62
Fungi	29908.U7Q3E6	Eukarya	Ascomycota	Sordariomycetes	Ophiostomatales	Ophiostomataceae	Sporothrix	Sporothrix schenckii	Eukarya_63
Fungi	78579.XP_003662842.1	Eukarya	Ascomycota	Sordariomycetes	Sordariales	Chaetomiaceae	Thermothelomyces	Thermothelomyces thermophilus	Eukarya_64
Fungi	5141.EFNCRP00000000179	Eukarya	Ascomycota	Sordariomycetes	Sordariales	Sordariaceae	Neurospora	Neurospora crassa	Eukarya_65
Fungi	223192.XP_007910819.1	Eukarya	Ascomycota	Sordariomycetes	Togniniales	Togniniaceae	Phaeoacremonium	Phaeoacremonium minimum	Eukarya_66
Fungi	97096.XP_007792461.1	Eukarya	Ascomycota	Sordariomycetes	Xylariales	Diatrypaceae	Eutypa	Eutypa lata	Eukarya_67
Fungi	393283.XP_007834905.1	Eukarya	Ascomycota	Sordariomycetes	Xylariales	Sporocadaceae	Pestalotiopsis	Pestalotiopsis fici	Eukarya_68
Fungi	5011.R4XAK4	Eukarya	Ascomycota	Taphrinomycetes	Taphrinales	Taphrinaceae	Taphrina	Taphrina deformans	Eukarya_69
Fungi	221103.XP_007854046.1	Eukarya	Basidiomycota	Agaricomycetes	Agaricales	Marasmiaceae	Moniliophthora	Moniliophthora roreri	Eukarya_70
Fungi	5346.XP_001828695.2	Eukarya	Basidiomycota	Agaricomycetes	Agaricales	Psathyrellaceae	Coprinopsis	Coprinopsis cinerea	Eukarya_71
Fungi	5334.XP_003038636.1	Eukarya	Basidiomycota	Agaricomycetes	Agaricales	Schizophyllaceae	Schizophyllum	Schizophyllum commune	Eukarya_72
Fungi	160860.XP_007336270.1	Eukarya	Basidiomycota	Agaricomycetes	Auriculariales	Auriculariaceae	Auricularia	Auricularia delicata	Eukarya_73
Fungi	80637.XP_007763455.1	Eukarya	Basidiomycota	Agaricomycetes	Boletales	Coniophoraceae	Coniophora	Coniophora puteana	Eukarya_74
Fungi	85982.XP_007323696.1	Eukarya	Basidiomycota	Agaricomycetes	Boletales	Serpulaceae	Serpula	Serpula lacrymans	Eukarya_75
Fungi	202698.XP_007378690.1	Eukarya	Basidiomycota	Agaricomycetes	Corticiales	Punctulariaceae	Punctularia	Punctularia strigosozonata	Eukarya_76
Fungi	104355.XP_007860236.1	Eukarya	Basidiomycota	Agaricomycetes	Gloeophyllales	Gloeophyllaceae	Gloeophyllum	Gloeophyllum trabeum	Eukarya_77
Fungi	208960.XP_007265719.1	Eukarya	Basidiomycota	Agaricomycetes	Hymenochaetales	Hymenochaetaceae	Fomitiporia	Fomitiporia mediterranea	Eukarya_78
Fungi	40483.S8EGX8	Eukarya	Basidiomycota	Agaricomycetes	Polyporales	Fomitopsidaceae	Fomitopsis	Fomitopsis pinicola	Eukarya_79
Fungi	984962.XP_009549025.1	Eukarya	Basidiomycota	Agaricomycetes	Russulales	Bondarzewiaceae	Heterobasidion	Heterobasidion irregulare	Eukarya_80
Fungi	40492.XP_007310507.1	Eukarya	Basidiomycota	Agaricomycetes	Russulales	Stereaceae	Stereum	Stereum hirsutum	Eukarya_81
Fungi	65672.G4U2L6	Eukarya	Basidiomycota	Agaricomycetes	Sebacinales	Serendipitaceae	Serendipita	Serendipita indica	Eukarya_82
Fungi	5286.M7WKJ2	Eukarya	Basidiomycota	Microbotryomycetes	Sporidiobolales	Sporidiobolaceae	Rhodotorula	Rhodotorula toruloides	Eukarya_83
Fungi	34349.G7E6I1	Eukarya	Basidiomycota	Mixiomycetes	Mixiales	Mixiaceae	Mixia	Mixia osmundae	Eukarya_84
Fungi	203908.EGG09245	Eukarya	Basidiomycota	Pucciniomycetes	Pucciniales	Melampsoraceae	Melampsora	Melampsora larici-populina	Eukarya_85
Fungi	5297.GMQ_05557T0	Eukarya	Basidiomycota	Pucciniomycetes	Pucciniales	Pucciniaceae	Puccinia	Puccinia graminis	Eukarya_86
Fungi	5207.AAW45849	Eukarya	Basidiomycota	Tremellomycetes	Tremellales	Cryptococcaceae	Cryptococcus	Cryptococcus neoformans	Eukarya_87
Fungi	5217.XP_007002972.1	Eukarya	Basidiomycota	Tremellomycetes	Tremellales	Tremellaceae	Tremella	Tremella mesenterica	Eukarya_88
Fungi	82508.K1VN14	Eukarya	Basidiomycota	Tremellomycetes	Trichosporonales	Trichosporonaceae	Trichosporon	Trichosporon asahii	Eukarya_89
Fungi	5270.UM03183P0	Eukarya	Basidiomycota	Ustilaginomycetes	Ustilaginales	Ustilaginaceae	Ustilago	Ustilago maydis	Eukarya_90
Fungi	148960.XP_006958416.1	Eukarya	Basidiomycota	Wallemiomycetes	Wallemiales	Wallemiaceae	Wallemia	Wallemia sebi	Eukarya_91
Fungi	28583.AMAG_07055T0	Eukarya	Blastocladiomycota	Blastocladiomycetes	Blastocladiales	Blastocladiaceae	Allomyces	Allomyces macrogynus	Eukarya_92
Fungi	109760.SPPG_08740T0	Eukarya	Chytridiomycota	Chytridiomycetes	Spizellomycetales	Spizellomycetaceae	Spizellomyces	Spizellomyces punctatus	Eukarya_93
Fungi	588596.U9U903	Eukarya	Mucoromycota	Glomeromycetes	Glomerales	Glomeraceae	Rhizophagus	Rhizophagus irregularis	Eukarya_94
Fungi	78898.MVEG_07812T0	Eukarya	Mucoromycota	Mortierellomycetes	Mortierellales	Mortierellaceae	Mortierella	Mortierella verticillata	Eukarya_95
Fungi	36080.S2JGD7	Eukarya	Mucoromycota	Mucoromycetes	Mucorales	Mucoraceae	Mucor	Mucor circinelloides	Eukarya_96
Fungi	936053.I1BWH0	Eukarya	Mucoromycota	Mucoromycetes	Mucorales	Rhizopodaceae	Rhizopus	Rhizopus delemar	Eukarya_97
Metazoa	6412.HelroP98642	Eukarya	Annelida	Clitellata	Hirudinida	Glossiphoniidae	Helobdella	Helobdella robusta	Eukarya_98
Metazoa	32264.tetur28g00560.1	Eukarya	Arthropoda	Arachnida	Trombidiformes	Tetranychidae	Tetranychus	Tetranychus urticae	Eukarya_99
Metazoa	6669.EFX83481	Eukarya	Arthropoda	Branchiopoda	Diplostraca	Daphniidae	Daphnia	Daphnia pulex	Eukarya_100
Metazoa	136037.KDR21159	Eukarya	Arthropoda	Insecta	Blattodea	Termopsidae	Zootermopsis	Zootermopsis nevadensis	Eukarya_101
Metazoa	7070.TC030679-PA	Eukarya	Arthropoda	Insecta	Coleoptera	Tenebrionidae	Tribolium	Tribolium castaneum	Eukarya_102
Metazoa	7165.AGAP010278-PA	Eukarya	Arthropoda	Insecta	Diptera	Culicidae	Anopheles	Anopheles gambiae	Eukarya_103
Metazoa	7230.FBpp0172724	Eukarya	Arthropoda	Insecta	Diptera	Drosophilidae	Drosophila	Drosophila mojavensis	Eukarya_104
Metazoa	7370.XP_005183919.1	Eukarya	Arthropoda	Insecta	Diptera	Muscidae	Musca	Musca domestica	Eukarya_105
Metazoa	7213.XP_004518151.1	Eukarya	Arthropoda	Insecta	Diptera	Tephritidae	Ceratitis	Ceratitis capitata	Eukarya_106
Metazoa	7029.ACYPI002804-PA	Eukarya	Arthropoda	Insecta	Hemiptera	Aphididae	Acyrthosiphon	Acyrthosiphon pisum	Eukarya_107
Metazoa	13249.RPRC013989-PA	Eukarya	Arthropoda	Insecta	Hemiptera	Reduviidae	Rhodnius	Rhodnius prolixus	Eukarya_108
Metazoa	132113.XP_003494440.1	Eukarya	Arthropoda	Insecta	Hymenoptera	Apidae	Bombus	Bombus impatiens	Eukarya_109
Metazoa	69319.XP_008551938.1	Eukarya	Arthropoda	Insecta	Hymenoptera	Braconidae	Microplitis	Microplitis demolitor	Eukarya_110
Metazoa	103372.F4X717	Eukarya	Arthropoda	Insecta	Hymenoptera	Formicidae	Acromyrmex	Acromyrmex echinatior	Eukarya_111
Metazoa	7425.NV11468-PA	Eukarya	Arthropoda	Insecta	Hymenoptera	Pteromalidae	Nasonia	Nasonia vitripennis	Eukarya_112
Metazoa	7091.BGIBMGA013340-TA	Eukarya	Arthropoda	Insecta	Lepidoptera	Bombycidae	Bombyx	Bombyx mori	Eukarya_113
Metazoa	34740.HMEL011200-PA	Eukarya	Arthropoda	Insecta	Lepidoptera	Nymphalidae	Heliconius	Heliconius melpomene	Eukarya_114
Metazoa	121225.PHUM574420-PA	Eukarya	Arthropoda	Insecta	Phthiraptera	Pediculidae	Pediculus	Pediculus humanus	Eukarya_115
Metazoa	8496.XP_006270042.1	Eukarya	Chordata		Crocodylia	Alligatoridae	Alligator	Alligator mississippiensis	Eukarya_116
Metazoa	8469.XP_007066490.1	Eukarya	Chordata		Testudines	Cheloniidae	Chelonia	Chelonia mydas	Eukarya_117
Metazoa	144197.XP_008285345.1	Eukarya	Chordata	Actinopteri		Pomacentridae	Stegastes	Stegastes partitus	Eukarya_118
Metazoa	215358.XP_010749381.1	Eukarya	Chordata	Actinopteri		Sciaenidae	Larimichthys	Larimichthys crocea	Eukarya_119
Metazoa	8090.ENSORLP00000020523	Eukarya	Chordata	Actinopteri	Beloniformes	Adrianichthyidae	Oryzias	Oryzias latipes	Eukarya_120
Metazoa	7994.ENSAMXP00000020705	Eukarya	Chordata	Actinopteri	Characiformes	Characidae	Astyanax	Astyanax mexicanus	Eukarya_121
Metazoa	8153.XP_005930357.1	Eukarya	Chordata	Actinopteri	Cichliformes	Cichlidae	Haplochromis	Haplochromis burtoni	Eukarya_122
Metazoa	7955.ENSDARP00000090537	Eukarya	Chordata	Actinopteri	Cypriniformes	Danionidae	Danio	Danio rerio	Eukarya_123
Metazoa	8081.XP_008417512.1	Eukarya	Chordata	Actinopteri	Cyprinodontiformes	Poeciliidae	Poecilia	Poecilia reticulata	Eukarya_124
Metazoa	8010.XP_010881677.1	Eukarya	Chordata	Actinopteri	Esociformes	Esocidae	Esox	Esox lucius	Eukarya_125
Metazoa	8049.ENSGMOP00000020056	Eukarya	Chordata	Actinopteri	Gadiformes	Gadidae	Gadus	Gadus morhua	Eukarya_126
Metazoa	69293.ENSGACP00000017823	Eukarya	Chordata	Actinopteri	Perciformes	Gasterosteidae	Gasterosteus	Gasterosteus aculeatus	Eukarya_127
Metazoa	244447.XP_008310574.1	Eukarya	Chordata	Actinopteri	Pleuronectiformes	Cynoglossidae	Cynoglossus	Cynoglossus semilaevis	Eukarya_128
Metazoa	7918.ENSLOCP00000018790	Eukarya	Chordata	Actinopteri	Semionotiformes	Lepisosteidae	Lepisosteus	Lepisosteus oculatus	Eukarya_129
Metazoa	31033.ENSTRUP00000008113	Eukarya	Chordata	Actinopteri	Tetraodontiformes	Tetraodontidae	Takifugu	Takifugu rubripes	Eukarya_130
Metazoa	8364.ENSXETP00000049617	Eukarya	Chordata	Amphibia	Anura	Pipidae	Xenopus	Xenopus tropicalis	Eukarya_131
Metazoa	7719.XP_002131209.1	Eukarya	Chordata	Ascidiacea	Enterogona	Cionidae	Ciona	Ciona intestinalis	Eukarya_132
Metazoa	8932.XP_005513894.1	Eukarya	Chordata	Aves	Columbiformes	Columbidae	Columba	Columba livia	Eukarya_133
Metazoa	9031.ENSGALP00000041459	Eukarya	Chordata	Aves	Galliformes	Phasianidae	Gallus	Gallus gallus	Eukarya_134
Metazoa	128390.XP_009475042.1	Eukarya	Chordata	Aves	Pelecaniformes	Threskiornithidae	Nipponia	Nipponia nippon	Eukarya_135
Metazoa	7897.ENSLACP00000007736	Eukarya	Chordata	Coelacanthimorpha	Coelacanthiformes	Coelacanthidae	Latimeria	Latimeria chalumnae	Eukarya_136
Metazoa	28377.ENSACAP00000010325	Eukarya	Chordata	Lepidosauria	Squamata	Dactyloidae	Anolis	Anolis carolinensis	Eukarya_137
Metazoa	176946.XP_007440894.1	Eukarya	Chordata	Lepidosauria	Squamata	Pythonidae	Python	Python bivittatus	Eukarya_138
Metazoa	7739.XP_002597910.1	Eukarya	Chordata	Leptocardii	Amphioxiformes	Branchiostomidae	Branchiostoma	Branchiostoma floridae	Eukarya_139
Metazoa	9371.XP_004703566.1	Eukarya	Chordata	Mammalia		Tenrecidae	Echinops	Echinops telfairi	Eukarya_140
Metazoa	9767.XP_007175201.1	Eukarya	Chordata	Mammalia	Artiodactyla	Balaenopteridae	Balaenoptera	Balaenoptera acutorostrata	Eukarya_141
Metazoa	9913.ENSBTAP00000010103	Eukarya	Chordata	Mammalia	Artiodactyla	Bovidae	Bos	Bos taurus	Eukarya_142
Metazoa	9733.XP_004263449.1	Eukarya	Chordata	Mammalia	Artiodactyla	Delphinidae	Orcinus	Orcinus orca	Eukarya_143
Metazoa	9694.XP_007079859.1	Eukarya	Chordata	Mammalia	Carnivora	Felidae	Panthera	Panthera tigris	Eukarya_144
Metazoa	9713.XP_006745145.1	Eukarya	Chordata	Mammalia	Carnivora	Phocidae	Leptonychotes	Leptonychotes weddellii	Eukarya_145
Metazoa	109478.XP_005858154.1	Eukarya	Chordata	Mammalia	Chiroptera	Vespertilionidae	Myotis	Myotis brandtii	Eukarya_146
Metazoa	9305.ENSSHAP00000019475	Eukarya	Chordata	Mammalia	Dasyuromorphia	Dasyuridae	Sarcophilus	Sarcophilus harrisii	Eukarya_147
Metazoa	13616.ENSMODP00000035928	Eukarya	Chordata	Mammalia	Didelphimorphia	Didelphidae	Monodelphis	Monodelphis domestica	Eukarya_148
Metazoa	9365.XP_007518776.1	Eukarya	Chordata	Mammalia	Eulipotyphla	Erinaceidae	Erinaceus	Erinaceus europaeus	Eukarya_149
Metazoa	9986.ENSOCUP00000004439	Eukarya	Chordata	Mammalia	Lagomorpha	Leporidae	Oryctolagus	Oryctolagus cuniculus	Eukarya_150
Metazoa	9978.XP_004586363.1	Eukarya	Chordata	Mammalia	Lagomorpha	Ochotonidae	Ochotona	Ochotona princeps	Eukarya_151
Metazoa	9258.ENSOANP00000002570	Eukarya	Chordata	Mammalia	Monotremata	Ornithorhynchidae	Ornithorhynchus	Ornithorhynchus anatinus	Eukarya_152
Metazoa	27679.XP_010340850.1	Eukarya	Chordata	Mammalia	Primates	Cebidae	Saimiri	Saimiri boliviensis	Eukarya_153
Metazoa	9541.XP_005557342.1	Eukarya	Chordata	Mammalia	Primates	Cercopithecidae	Macaca	Macaca fascicularis	Eukarya_154
Metazoa	30611.ENSOGAP00000018220	Eukarya	Chordata	Mammalia	Primates	Galagidae	Otolemur	Otolemur garnettii	Eukarya_155
Metazoa	61853.ENSNLEP00000015759	Eukarya	Chordata	Mammalia	Primates	Hylobatidae	Nomascus	Nomascus leucogenys	Eukarya_156
Metazoa	10181.XP_004841672.1	Eukarya	Chordata	Mammalia	Rodentia	Bathyergidae	Heterocephalus	Heterocephalus glaber	Eukarya_157
Metazoa	10141.ENSCPOP00000015733	Eukarya	Chordata	Mammalia	Rodentia	Caviidae	Cavia	Cavia porcellus	Eukarya_158
Metazoa	10160.XP_004636726.1	Eukarya	Chordata	Mammalia	Rodentia	Octodontidae	Octodon	Octodon degus	Eukarya_159
Metazoa	1026970.XP_008851541.1	Eukarya	Chordata	Mammalia	Rodentia	Spalacidae	Nannospalax	Nannospalax galili	Eukarya_160
Metazoa	246437.XP_006151950.1	Eukarya	Chordata	Mammalia	Scandentia	Tupaiidae	Tupaia	Tupaia chinensis	Eukarya_161
Metazoa	9818.XP_007941675.1	Eukarya	Chordata	Mammalia	Tubulidentata	Orycteropodidae	Orycteropus	Orycteropus afer	Eukarya_162
Metazoa	45351.EDO38488	Eukarya	Cnidaria	Anthozoa	Actiniaria	Edwardsiidae	Nematostella	Nematostella vectensis	Eukarya_163
Metazoa	6087.XP_002157214.1	Eukarya	Cnidaria	Hydrozoa	Anthoathecata	Hydridae	Hydra	Hydra vulgaris	Eukarya_164
Metazoa	27923.ML104328a-PA	Eukarya	Ctenophora	Tentaculata	Lobata	Bolinopsidae	Mnemiopsis	Mnemiopsis leidyi	Eukarya_165
Metazoa	7668.SPU_012471-tr	Eukarya	Echinodermata	Echinoidea	Echinoida	Strongylocentrotidae	Strongylocentrotus	Strongylocentrotus purpuratus	Eukarya_166
Metazoa	10224.XP_002734344.1	Eukarya	Hemichordata	Enteropneusta		Harrimaniidae	Saccoglossus	Saccoglossus kowalevskii	Eukarya_167
Metazoa	6500.XP_005109545.1	Eukarya	Mollusca	Gastropoda	Aplysiida	Aplysiidae	Aplysia	Aplysia californica	Eukarya_168
Metazoa	6326.BUX.s00083.73	Eukarya	Nematoda	Chromadorea	Rhabditida	Aphelenchoididae	Bursaphelenchus	Bursaphelenchus xylophilus	Eukarya_169
Metazoa	7209.EFO25014.2	Eukarya	Nematoda	Chromadorea	Rhabditida	Onchocercidae	Loa	Loa loa	Eukarya_170
Metazoa	281687.CJA35904a	Eukarya	Nematoda	Chromadorea	Rhabditida	Rhabditidae	Caenorhabditis	Caenorhabditis japonica	Eukarya_171
Metazoa	34506.g2109	Eukarya	Nematoda	Chromadorea	Rhabditida	Strongyloididae	Strongyloides	Strongyloides ratti	Eukarya_172
Metazoa	10228.TriadP52382	Eukarya	Placozoa			Trichoplacidae	Trichoplax	Trichoplax adhaerens	Eukarya_173
Metazoa	6211.A0A068Y1C7	Eukarya	Platyhelminthes	Cestoda	Cyclophyllidea	Taeniidae	Echinococcus	Echinococcus multilocularis	Eukarya_174
Metazoa	6183.Smp_175230.1	Eukarya	Platyhelminthes	Trematoda	Strigeidida	Schistosomatidae	Schistosoma	Schistosoma mansoni	Eukarya_175
Metazoa	400682.PAC_15722103	Eukarya	Porifera	Demospongiae	Haplosclerida	Niphatidae	Amphimedon	Amphimedon queenslandica	Eukarya_176
Viridiplantae	3055.EDO98078	Eukarya	Chlorophyta	Chlorophyceae	Chlamydomonadales	Chlamydomonadaceae	Chlamydomonas	Chlamydomonas reinhardtii	Eukarya_177
Viridiplantae	3067.XP_002955893.1	Eukarya	Chlorophyta	Chlorophyceae	Chlamydomonadales	Volvocaceae	Volvox	Volvox carteri	Eukarya_178
Viridiplantae	41875.XP_007514117.1	Eukarya	Chlorophyta	Mamiellophyceae	Mamiellales	Bathycoccaceae	Bathycoccus	Bathycoccus prasinos	Eukarya_179
Viridiplantae	38833.XP_003056897.1	Eukarya	Chlorophyta	Mamiellophyceae	Mamiellales	Mamiellaceae	Micromonas	Micromonas pusilla	Eukarya_180
Viridiplantae	554065.XP_005848544.1	Eukarya	Chlorophyta	Trebouxiophyceae	Chlorellales	Chlorellaceae	Chlorella	Chlorella variabilis	Eukarya_181
Viridiplantae	3218.PP1S34_360V6.1	Eukarya	Streptophyta	Bryopsida	Funariales	Funariaceae	Physcomitrium	Physcomitrium patens	Eukarya_182
Viridiplantae	88036.EFJ18561	Eukarya	Streptophyta	Lycopodiopsida	Selaginellales	Selaginellaceae	Selaginella	Selaginella moellendorffii	Eukarya_183
Viridiplantae	13333.ERN09120	Eukarya	Streptophyta	Magnoliopsida	Amborellales	Amborellaceae	Amborella	Amborella trichopoda	Eukarya_184
Viridiplantae	42345.XP_008786170.1	Eukarya	Streptophyta	Magnoliopsida	Arecales	Arecaceae	Phoenix	Phoenix dactylifera	Eukarya_185
Viridiplantae	81985.XP_006283329.1	Eukarya	Streptophyta	Magnoliopsida	Brassicales	Brassicaceae	Capsella	Capsella rubella	Eukarya_186
Viridiplantae	28532.XP_010530820.1	Eukarya	Streptophyta	Magnoliopsida	Brassicales	Cleomaceae	Tarenaya	Tarenaya hassleriana	Eukarya_187
Viridiplantae	161934.XP_010690845.1	Eukarya	Streptophyta	Magnoliopsida	Caryophyllales	Chenopodiaceae	Beta	Beta vulgaris	Eukarya_188
Viridiplantae	3656.XP_008460959.1	Eukarya	Streptophyta	Magnoliopsida	Cucurbitales	Cucurbitaceae	Cucumis	Cucumis melo	Eukarya_189
Viridiplantae	3847.GLYMA11G12280.2	Eukarya	Streptophyta	Magnoliopsida	Fabales	Fabaceae	Glycine	Glycine max	Eukarya_190
Viridiplantae	4155.Migut.N00482.1.p	Eukarya	Streptophyta	Magnoliopsida	Lamiales	Phrymaceae	Erythranthe	Erythranthe guttata	Eukarya_191
Viridiplantae	3988.XP_002510427.1	Eukarya	Streptophyta	Magnoliopsida	Malpighiales	Euphorbiaceae	Ricinus	Ricinus communis	Eukarya_192
Viridiplantae	4006.Lus10040434	Eukarya	Streptophyta	Magnoliopsida	Malpighiales	Linaceae	Linum	Linum usitatissimum	Eukarya_193
Viridiplantae	3694.POPTR_0004s16470.2	Eukarya	Streptophyta	Magnoliopsida	Malpighiales	Salicaceae	Populus	Populus trichocarpa	Eukarya_194
Viridiplantae	29730.Gorai.009G199800.1	Eukarya	Streptophyta	Magnoliopsida	Malvales	Malvaceae	Gossypium	Gossypium raimondii	Eukarya_195
Viridiplantae	71139.XP_010060976.1	Eukarya	Streptophyta	Magnoliopsida	Myrtales	Myrtaceae	Eucalyptus	Eucalyptus grandis	Eukarya_196
Viridiplantae	4533.OB12G19370.1	Eukarya	Streptophyta	Magnoliopsida	Poales	Poaceae	Oryza	Oryza brachyantha	Eukarya_197
Viridiplantae	4432.XP_010254749.1	Eukarya	Streptophyta	Magnoliopsida	Proteales	Nelumbonaceae	Nelumbo	Nelumbo nucifera	Eukarya_198
Viridiplantae	218851.Aquca_007_00274.1	Eukarya	Streptophyta	Magnoliopsida	Ranunculales	Ranunculaceae	Aquilegia	Aquilegia coerulea	Eukarya_199
Viridiplantae	981085.XP_010105356.1	Eukarya	Streptophyta	Magnoliopsida	Rosales	Moraceae	Morus	Morus notabilis	Eukarya_200
Viridiplantae	225117.XP_009378647.1	Eukarya	Streptophyta	Magnoliopsida	Rosales	Rosaceae	Pyrus	Pyrus x bretschneideri	Eukarya_201
Viridiplantae	2711.XP_006487231.1	Eukarya	Streptophyta	Magnoliopsida	Sapindales	Rutaceae	Citrus	Citrus sinensis	Eukarya_202
Viridiplantae	4096.XP_009800933.1	Eukarya	Streptophyta	Magnoliopsida	Solanales	Solanaceae	Nicotiana	Nicotiana sylvestris	Eukarya_203
Viridiplantae	29760.VIT_03s0038g04500.t01	Eukarya	Streptophyta	Magnoliopsida	Vitales	Vitaceae	Vitis	Vitis vinifera	Eukarya_204
Viridiplantae	4641.GSMUA_Achr2P14300_001	Eukarya	Streptophyta	Magnoliopsida	Zingiberales	Musaceae	Musa	Musa acuminata	Eukarya_205
